manifest_sha256	3bbe5c2f6c82b4ddaf4ecbc2825ace3b0edc3072e67fe09f6e68447e89fd1013
A2-CORPUS-MANIFEST-V1
source_commit	61bbd665535e942ef3b05c5ed45661639d3a37a9
source_tree	b6f7fcddd8723f0ba231bb8b9f8ca49be8a6eec8
file_count	92
included_count	74
excluded_count	18
EXCLUDE	README.md	bbed59f8bc826e5bece65fe526b12adab1bade2c	repository-facing overview/status; not an A2 normative destination source
EXCLUDE	alpha_requirements_source.md	ce0edc4f3ada4ba033d6203288c1cdac06cda3e8	historical Alpha source; not normalized Phase-0 authority
EXCLUDE	docs/ALPHA_TRACEABILITY.md	5e25cbb7114755a32aadbd79700384266b5b5665	historical source/disposition traceability; not normalized Phase-0 destination authority
INCLUDE	docs/ARCHITECTURE.md	8301f25d4a5266083efb8a20694ea230c36118f1	accepted synthesis/authority used for destination interpretation
EXCLUDE	docs/BETA_REQUIREMENTS.md	990f1398f205c320ea96685e00160c4239016e93	pre-normalization Beta baseline; explicitly non-substitutive for normalized authority
INCLUDE	docs/BRANDING.md	acebdea434c422ecdef28771f2eb70b006dff650	accepted synthesis/authority used for destination interpretation
INCLUDE	docs/COMMUNICATIONS_CONTRACT.md	36444b1cf7570e19b3ac64e56d340b9e61d96b48	accepted focused normative contract
INCLUDE	docs/DECISIONS.md	ce282ded29ed9970cdd22a8ebb187ad31a680a70	accepted synthesis/authority used for destination interpretation
INCLUDE	docs/FOUNDATION_GAPS.md	a4fbea1f01380fc0be51f336bd0344a304e8541a	accepted synthesis/authority used for destination interpretation
INCLUDE	docs/FOUNDATION_RUNTIME_CONTRACT.md	62151646b314f99b1686a115153bbd96b8608a28	accepted focused normative contract
INCLUDE	docs/GLOSSARY.md	b4626783771bb41b7414c7b53ab62ce6af8bd338	accepted synthesis/authority used for destination interpretation
INCLUDE	docs/IMPORT_CONTRACT.md	08dcf31d23748d4269538baa6ee1fcd7499585e8	accepted focused normative contract
INCLUDE	docs/INFRASTRUCTURE_CONTRACT.md	0ddd00c2fac19576554253f6bf7e63b75c90224b	accepted focused normative contract
INCLUDE	docs/INVENTORY_LIFECYCLE.md	75fc0d62347392cbd881a418bf903b7ef3446608	accepted focused normative contract
INCLUDE	docs/PRODUCT_CONTRACT.md	6ba3ecb8eabd0845927aa4e6436ec09130a90263	accepted focused normative contract
INCLUDE	docs/PRODUCT_LINE_SLA.md	e5fd8308721ec67ab175a755c7be13021b0114f5	accepted focused normative contract
INCLUDE	docs/REQUIREMENT_NORMALIZATION.md	a33350b97faf5dddab262b8d20de860db9e79246	accepted normalization doctrine/authority
INCLUDE	docs/RFC_WFM_CONTRACT.md	433ffbea4fe291e451b0fefc2b2c8a999c1b1894	accepted focused normative contract
INCLUDE	docs/ROADMAP.md	ec939cf5fd29dffc3dfe677297f0116616dfa305	accepted synthesis/authority used for destination interpretation
INCLUDE	docs/UI_UX_CONTRACT.md	369e2a959d1c5f2a00b1958699315f02496a49d8	accepted focused normative contract
INCLUDE	docs/WORKBENCH_CONTRACT.md	e11bc69e60853c41123a4cafd667251bc8fe2340	accepted focused normative contract
INCLUDE	docs/normalization/CP001_CATALOGUE.md	969668821704f248cb1090f708c56c6fe85fd459	accepted normalization catalogue/clause/authority/traceability corpus
INCLUDE	docs/normalization/CP001_CLAUSES.md	8cd0cb157671f7ca722b7b6a7b53f95fddf9bd44	accepted normalization catalogue/clause/authority/traceability corpus
INCLUDE	docs/normalization/CP001_CLAUSE_AUTHORITY.md	7b11457808b32a98834664ade31eb224ae8d4cbb	accepted normalization catalogue/clause/authority/traceability corpus
INCLUDE	docs/normalization/CP001_TRACEABILITY.md	da8966b4a0d2d1a0b0aa9e7c0043c5bfd8bed1db	accepted normalization catalogue/clause/authority/traceability corpus
INCLUDE	docs/normalization/CP002_CATALOGUE.md	de9476a1d6abe00f75174fbcecc1c3dbd81fbfa6	accepted normalization catalogue/clause/authority/traceability corpus
INCLUDE	docs/normalization/CP002_CLAUSES.md	d5fecfb01189660f90a9a4708826fb0e32c97f8f	accepted normalization catalogue/clause/authority/traceability corpus
INCLUDE	docs/normalization/CP002_CLAUSE_AUTHORITY.md	380f37ee8bf712f730ec310eb6ddefda89c9af07	accepted normalization catalogue/clause/authority/traceability corpus
INCLUDE	docs/normalization/CP002_TRACEABILITY.md	5a5d49d225cfaec8ce4ce6f2a79f3a086f6b2220	accepted normalization catalogue/clause/authority/traceability corpus
INCLUDE	docs/normalization/CP003_CATALOGUE.md	1cd99934762404e3e0fa273f5984b1ef4182f8aa	accepted normalization catalogue/clause/authority/traceability corpus
INCLUDE	docs/normalization/CP003_CLAUSES.md	18c08bc8c41de4879c17fce0ea822dbe467e7041	accepted normalization catalogue/clause/authority/traceability corpus
INCLUDE	docs/normalization/CP003_CLAUSE_AUTHORITY.md	ee5b3c5737bd430cb6762f02bbfd5c26ef1a0154	accepted normalization catalogue/clause/authority/traceability corpus
INCLUDE	docs/normalization/CP003_TRACEABILITY.md	a69a76990718e12e4bb821a5701da392af8aa274	accepted normalization catalogue/clause/authority/traceability corpus
INCLUDE	docs/normalization/CP004_CATALOGUE.md	3461f833bc8447ad904bd6e115e51195aaffe902	accepted normalization catalogue/clause/authority/traceability corpus
INCLUDE	docs/normalization/CP004_CLAUSES.md	e45ed59ea796e8fa808cfd5b6d9606e68646baf2	accepted normalization catalogue/clause/authority/traceability corpus
INCLUDE	docs/normalization/CP004_CLAUSE_AUTHORITY.md	c1e50bf499b9e184bd2d14eef0100f0cc398cca7	accepted normalization catalogue/clause/authority/traceability corpus
INCLUDE	docs/normalization/CP004_TRACEABILITY.md	e8b617c30491c61829ee0c00ecbdee564a67adae	accepted normalization catalogue/clause/authority/traceability corpus
INCLUDE	docs/normalization/CP005_CATALOGUE.md	0e3857744a27d7cece41202ccc7f78048f9c8211	accepted normalization catalogue/clause/authority/traceability corpus
INCLUDE	docs/normalization/CP005_CLAUSES.md	477948499d259a6344c923d2f9903e3846b4b4bf	accepted normalization catalogue/clause/authority/traceability corpus
INCLUDE	docs/normalization/CP005_CLAUSE_AUTHORITY.md	85687d74184867370a5e80fe56a82db6ba47657c	accepted normalization catalogue/clause/authority/traceability corpus
INCLUDE	docs/normalization/CP005_TRACEABILITY.md	738de4e8742c95e45da97ab9053beb3a4d741fe5	accepted normalization catalogue/clause/authority/traceability corpus
INCLUDE	docs/normalization/CP006_CATALOGUE.md	d2b9f464d1c0dc4211238da7a00e71226e6bbc52	accepted normalization catalogue/clause/authority/traceability corpus
INCLUDE	docs/normalization/CP006_CLAUSES.md	95c0f2e70f569f1c1bac234eb5b1731d06a84d7a	accepted normalization catalogue/clause/authority/traceability corpus
INCLUDE	docs/normalization/CP006_CLAUSE_AUTHORITY.md	6449c3c42c4bf23a216f5abdb0563ba1ba9b7881	accepted normalization catalogue/clause/authority/traceability corpus
INCLUDE	docs/normalization/CP006_CLAUSE_ID_AMENDMENT.md	65116e57501a053a7421d37efe357e12b007042a	accepted normalization catalogue/clause/authority/traceability corpus
INCLUDE	docs/normalization/CP006_TRACEABILITY.md	545c5b1d1a3ded0a4d2a6e353ab9aa6d0f418056	accepted normalization catalogue/clause/authority/traceability corpus
INCLUDE	docs/normalization/CP007_CATALOGUE.md	c59f8a3b36ccf397e55e79fc27e993ad83f84d83	accepted normalization catalogue/clause/authority/traceability corpus
INCLUDE	docs/normalization/CP007_CLAUSES.md	dfc5d0b65b493c5705bbd8d2c939470890682282	accepted normalization catalogue/clause/authority/traceability corpus
INCLUDE	docs/normalization/CP007_CLAUSES_0153_0161.md	e23348ff3348a2a327d3d765a1cbb51b9514bc07	accepted normalization catalogue/clause/authority/traceability corpus
INCLUDE	docs/normalization/CP007_CLAUSES_0162_0169.md	fa4b85338d3f0a6c1a9574d33820c51095f0e960	accepted normalization catalogue/clause/authority/traceability corpus
INCLUDE	docs/normalization/CP007_CLAUSES_0170_0177.md	092a4e1f2968f49e3e6e2780fe3127cd2d2e338c	accepted normalization catalogue/clause/authority/traceability corpus
INCLUDE	docs/normalization/CP007_CLAUSE_AUTHORITY.md	b65297d5ac47026520a3a4ce4d5adf64d037722e	accepted normalization catalogue/clause/authority/traceability corpus
INCLUDE	docs/normalization/CP007_TRACEABILITY.md	83a8232cf130042616fef9c0e138284ade35a020	accepted normalization catalogue/clause/authority/traceability corpus
INCLUDE	docs/reconciliation/PHASE0_ACCEPTANCE.md	fffa49bac551ce79bc85db3bb09041d77fe36227	accepted reconciliation/assurance evidence or authority used for destination interpretation
INCLUDE	docs/reconciliation/RC001_CONTRADICTIONS.md	a72b4eb250c311c2a1323a2b2e23590c2008c333	accepted reconciliation/assurance evidence or authority used for destination interpretation
INCLUDE	docs/reconciliation/RC001_CORE_AUTHORITY.md	ac1bf2b7f957c5f08c05810c5244f0ebb338b494	accepted reconciliation/assurance evidence or authority used for destination interpretation
INCLUDE	docs/reconciliation/RC001_TRACEABILITY.md	047a2455c41316f91fe13f14f77b316b5c3a5980	accepted reconciliation/assurance evidence or authority used for destination interpretation
INCLUDE	docs/reconciliation/RC002_CONTRADICTIONS.md	9870e2890d4d6d464f535edb7c149f075cd925cf	accepted reconciliation/assurance evidence or authority used for destination interpretation
INCLUDE	docs/reconciliation/RC002_SOURCE_AUTHORITY.md	93ca25d78a6d609edbd875322bcbc32b081da603	accepted reconciliation/assurance evidence or authority used for destination interpretation
INCLUDE	docs/reconciliation/RC002_TRACEABILITY.md	dfbfba3258e95c5fd628af6f4263d5d1a20ce2ca	accepted reconciliation/assurance evidence or authority used for destination interpretation
INCLUDE	docs/reconciliation/RC003_CONTRADICTIONS.md	827f1b1765c294f32e764f21eb2147ac7f5c0671	accepted reconciliation/assurance evidence or authority used for destination interpretation
INCLUDE	docs/reconciliation/RC003_TRACEABILITY.md	cb0050587451e75473771dd83e997a08785c1da4	accepted reconciliation/assurance evidence or authority used for destination interpretation
INCLUDE	docs/reconciliation/RC003_WORKBENCH_SLA_AUTHORITY.md	1d22b4d3f5a9d3f12c6479529c619a818324951c	accepted reconciliation/assurance evidence or authority used for destination interpretation
INCLUDE	docs/reconciliation/RC004_CONTRADICTIONS.md	c88f504b432f0b0181d84e6a61ba4da5a33b0a6f	accepted reconciliation/assurance evidence or authority used for destination interpretation
INCLUDE	docs/reconciliation/RC004_PHYSICAL_AUTHORITY.md	20d4777d8cb65f82dde22df338b4bb6b6d585835	accepted reconciliation/assurance evidence or authority used for destination interpretation
INCLUDE	docs/reconciliation/RC004_TRACEABILITY.md	0fd8c9bfc5e49fa42c4e3c51ca9ad00b7ff0920a	accepted reconciliation/assurance evidence or authority used for destination interpretation
INCLUDE	docs/reconciliation/RC005_CONTRADICTIONS.md	275fde0f538f39fb9c6fffb49deed17cf9c90199	accepted reconciliation/assurance evidence or authority used for destination interpretation
INCLUDE	docs/reconciliation/RC005_CROSSCUTTING_AUTHORITY.md	48927ff60a00506152a9f2aa88afcc53326bb967	accepted reconciliation/assurance evidence or authority used for destination interpretation
INCLUDE	docs/reconciliation/RC005_TRACEABILITY.md	feb8d8a4ded1fee5b82dcbd2c99ea28152487ec5	accepted reconciliation/assurance evidence or authority used for destination interpretation
EXCLUDE	docs/reconciliation/RC006_A2_EXECUTION_BASELINE.md	86213b9dcc89165f7c53aea6a33a1be308c45776	baseline-control metadata; explicitly excluded from normative extraction
INCLUDE	docs/reconciliation/RC006_A2_FINDINGS.md	ce896ebb0e75e8c6a3b7c513f7b4e65865607cff	accepted reconciliation/assurance evidence or authority used for destination interpretation
INCLUDE	docs/reconciliation/RC006_A2_SECTION_DESTINATION_ASSURANCE.md	584cd25ad31eae39a60b92fdd3d5fdb4ba2a6c98	accepted reconciliation/assurance evidence or authority used for destination interpretation
INCLUDE	docs/reconciliation/RC006_CLAUSE_DESTINATIONS.md	1abab7948ae99a7e8e42a83e3666df9434f997dc	accepted reconciliation/assurance evidence or authority used for destination interpretation
INCLUDE	docs/reconciliation/RC006_CONTRADICTIONS.md	980c6b7cad4250dde466546bc9ba07992654019e	accepted reconciliation/assurance evidence or authority used for destination interpretation
INCLUDE	docs/reconciliation/RC006_GLOBAL_TRACEABILITY.md	e8f7e9cee430b88e7f7f8df5ddd38b9feda0f132	accepted reconciliation/assurance evidence or authority used for destination interpretation
INCLUDE	docs/reconciliation/RC006_PHASE0_GATE.md	72ce17db60fe7cbd4131aaf8ac5865802f66d228	accepted reconciliation/assurance evidence or authority used for destination interpretation
INCLUDE	docs/reconciliation/RC006_SYNTHESIS_AUTHORITY.md	21ee4c384a34387515a9fa87a38e76a047db6799	accepted reconciliation/assurance evidence or authority used for destination interpretation
INCLUDE	docs/reconciliation/RECONCILIATION_INDEX.md	55b796367c72fded9b62e4c4aae10b64c63cdf49	accepted reconciliation/assurance evidence or authority used for destination interpretation
INCLUDE	docs/reconciliation/RECONCILIATION_METHOD.md	fc50364d6a6ee222516d07e0e2a6d3e98f484256	accepted reconciliation/assurance evidence or authority used for destination interpretation
EXCLUDE	docs/use-cases/P1A_001_UC001_EXPANSION_PROOF.md	cea1843faa0f1bd7e9491da62c47b92f5075ae5d	Phase 1A artifact; not Phase-0 normalized authority or A2 normative destination source
EXCLUDE	docs/use-cases/P1A_002_CATALOGUE_STRUCTURAL_CORRECTION.md	9b7e09966e90670bddd6336aadcd0e1a3057f5be	Phase 1A artifact; not Phase-0 normalized authority or A2 normative destination source
EXCLUDE	docs/use-cases/P1A_002_TRANSFORMATION_LEDGER.md	420b67296b1ce5dae6f25e0b961e97f93e0a78ea	Phase 1A artifact; not Phase-0 normalized authority or A2 normative destination source
EXCLUDE	docs/use-cases/P1A_W1_FOUNDATION_SETTINGS.md	1c05e9b072859c568b6b8785e809f9ad9b010221	Phase 1A artifact; not Phase-0 normalized authority or A2 normative destination source
EXCLUDE	docs/use-cases/P1A_W2_TICKETS_SOURCE.md	1b4147133fca4f97301754ba38abe8c1e8ddf94d	Phase 1A artifact; not Phase-0 normalized authority or A2 normative destination source
EXCLUDE	docs/use-cases/P1A_W3_OBJECTIVES_WORK.md	d334f3a2936ead81c5146742ee9cc65db918d00d	Phase 1A artifact; not Phase-0 normalized authority or A2 normative destination source
EXCLUDE	docs/use-cases/P1A_W4_INVENTORY.md	85e4a274de09263c09d91f19bffba93accc7af32	Phase 1A artifact; not Phase-0 normalized authority or A2 normative destination source
EXCLUDE	docs/use-cases/P1A_W5_INFRASTRUCTURE.md	0a8594c27410f5dfb92ab4d9f0bc2a26632a3e33	Phase 1A artifact; not Phase-0 normalized authority or A2 normative destination source
EXCLUDE	docs/use-cases/P1A_W6_COMMUNICATIONS.md	13b77dd61dc917adf5036bedccbdbf312e4c56ed	Phase 1A artifact; not Phase-0 normalized authority or A2 normative destination source
EXCLUDE	docs/use-cases/P1A_W7_OVERVIEW_CROSSDOMAIN.md	a8c360a60613571aab111ccb8c0c9403c4eefc10	Phase 1A artifact; not Phase-0 normalized authority or A2 normative destination source
EXCLUDE	docs/use-cases/USE_CASE_INDEX.md	3f6c5e63ef37f11329e2f8c9d0e7e59dbf0f410a	Phase 1A artifact; not Phase-0 normalized authority or A2 normative destination source
EXCLUDE	docs/use-cases/USE_CASE_METHOD.md	3acc5b07a36db921f8f1a181c7d50efdd9abcbca	Phase 1A artifact; not Phase-0 normalized authority or A2 normative destination source
EXCLUDE	docs/use-cases/USE_CASE_TRACEABILITY.md	891aff10b226aaa8cf7d16a6d137be3d7031d4bd	Phase 1A artifact; not Phase-0 normalized authority or A2 normative destination source
